{"cameraMode":{"drawMode":0,"name":"Shaded","section":"Shading Mode"},"sceneLighting":false,"audioPlay":false,"sceneViewState":{"m_AlwaysRefresh":false,"showFog":true,"showSkybox":false,"showFlares":true,"showImageEffects":true,"showParticleSystems":true,"showVisualEffectGraphs":true,"m_FxEnabled":true},"in2DMode":false,"pivot":{"x":-17.579280853271486,"y":-0.6448493003845215,"z":-0.6602050065994263},"rotation":{"x":-0.6850200295448303,"y":-0.013737252913415432,"z":0.012973735108971596,"w":-0.728262722492218},"size":2.6943914890289308,"orthographic":false}