{"cameraMode":{"drawMode":0,"name":"Shaded","section":"Shading Mode"},"sceneLighting":true,"audioPlay":false,"sceneViewState":{"m_AlwaysRefresh":false,"showFog":true,"showSkybox":true,"showFlares":true,"showImageEffects":true,"showParticleSystems":true,"showVisualEffectGraphs":true,"m_FxEnabled":true},"in2DMode":false,"pivot":{"x":-1.3553308248519898,"y":10.06599235534668,"z":-8.235852241516114},"rotation":{"x":-0.3076510727405548,"y":0.14960305392742158,"z":-0.049050021916627887,"w":-0.9383829236030579},"size":0.35807138681411745,"orthographic":false}