{"cameraMode":{"drawMode":0,"name":"Shaded","section":"Shading Mode"},"sceneLighting":true,"audioPlay":false,"sceneViewState":{"m_AlwaysRefresh":false,"showFog":true,"showSkybox":true,"showFlares":true,"showImageEffects":true,"showParticleSystems":true,"showVisualEffectGraphs":true,"m_FxEnabled":true},"in2DMode":false,"pivot":{"x":-6.63493537902832,"y":7.15822696685791,"z":0.5865936279296875},"rotation":{"x":0.4365820586681366,"y":0.004331089556217194,"z":-0.002094095339998603,"w":0.8996349573135376},"size":5.4934186935424809,"orthographic":false}