{"cameraMode":{"drawMode":0,"name":"Shaded","section":"Shading Mode"},"sceneLighting":true,"audioPlay":false,"sceneViewState":{"m_AlwaysRefresh":false,"showFog":true,"showSkybox":true,"showFlares":true,"showImageEffects":true,"showParticleSystems":true,"showVisualEffectGraphs":true,"m_FxEnabled":true},"in2DMode":false,"pivot":{"x":-17.455036163330079,"y":16.889738082885743,"z":-11.929019927978516},"rotation":{"x":-0.3214787542819977,"y":-0.009378859773278237,"z":0.0031812945380806925,"w":-0.9468578100204468},"size":0.35807138681411745,"orthographic":false}