{"cameraMode":{"drawMode":0,"name":"Shaded","section":"Shading Mode"},"sceneLighting":false,"audioPlay":false,"sceneViewState":{"m_AlwaysRefresh":false,"showFog":true,"showSkybox":false,"showFlares":true,"showImageEffects":true,"showParticleSystems":true,"showVisualEffectGraphs":true,"m_FxEnabled":true},"in2DMode":false,"pivot":{"x":-13.906371116638184,"y":-3.3929128646850588,"z":1.3352758884429932},"rotation":{"x":-0.7108896374702454,"y":-0.005873395595699549,"z":0.006000373512506485,"w":-0.7032357454299927},"size":3.391906261444092,"orthographic":false}