{"cameraMode":{"drawMode":0,"name":"Shaded","section":"Shading Mode"},"sceneLighting":false,"audioPlay":false,"sceneViewState":{"m_AlwaysRefresh":false,"showFog":true,"showSkybox":false,"showFlares":true,"showImageEffects":true,"showParticleSystems":true,"showVisualEffectGraphs":true,"m_FxEnabled":true},"in2DMode":false,"pivot":{"x":-14.787657737731934,"y":0.9827547073364258,"z":0.6629506349563599},"rotation":{"x":-0.5905096530914307,"y":-0.014010969549417496,"z":0.010310123674571514,"w":-0.8068274855613709},"size":3.391906261444092,"orthographic":false}