{"cameraMode":{"drawMode":0,"name":"Shaded","section":"Shading Mode"},"sceneLighting":false,"audioPlay":false,"sceneViewState":{"m_AlwaysRefresh":false,"showFog":true,"showSkybox":false,"showFlares":true,"showImageEffects":true,"showParticleSystems":true,"showVisualEffectGraphs":true,"m_FxEnabled":true},"in2DMode":false,"pivot":{"x":-3.861893653869629,"y":0.7897735238075256,"z":1.1844828128814698},"rotation":{"x":-0.7130128741264343,"y":0.003606002079322934,"z":-0.0036113066598773004,"w":-0.7011158466339111},"size":3.391906261444092,"orthographic":false}