{"cameraMode":{"drawMode":0,"name":"Shaded","section":"Shading Mode"},"sceneLighting":false,"audioPlay":false,"sceneViewState":{"m_AlwaysRefresh":false,"showFog":true,"showSkybox":false,"showFlares":true,"showImageEffects":true,"showParticleSystems":true,"showVisualEffectGraphs":true,"m_FxEnabled":true},"in2DMode":false,"pivot":{"x":-4.759393692016602,"y":-1.2607293128967286,"z":-0.013330221176147461},"rotation":{"x":-0.5759608745574951,"y":0.0066466075368225578,"z":-0.004635198041796684,"w":-0.8174208402633667},"size":3.391906261444092,"orthographic":false}